<?xml version="1.0"?>
<!--<!DOCTYPE metadata SYSTEM "http://www.esri.com/metadata/esriprof80.dtd">-->
<metadata xml:lang="zh"><Esri><CreaDate>20150422</CreaDate><CreaTime>12292900</CreaTime><SyncOnce>FALSE</SyncOnce><DataProperties><lineage><Process Name="Select Data" ToolSource="C:\Program Files\ArcGIS\ArcToolbox\Toolboxes\Data Management Tools.tbx\SelectData" Date="20140829" Time="105422">SelectData D:\Mapping\Sections\Map1\DC2011\test\DC2015_POLY_1.dgn Polyline D:\Mapping\Sections\Map1\DC2011\test\DC2015_POLY_1.dgn\Polyline</Process><Process Name="Select Data" ToolSource="C:\Program Files\ArcGIS\ArcToolbox\Toolboxes\Data Management Tools.tbx\SelectData" Date="20140829" Time="170608">SelectData T:\test\DC2015_POLY_1.dgn Polygon T:\test\DC2015_POLY_1.dgn\Polygon</Process><Process Name="Copy Features" ToolSource="C:\Program Files\ArcGIS\ArcToolbox\Toolboxes\Data Management Tools.tbx\CopyFeatures" Date="20140829" Time="170613">CopyFeatures Polygon_Layer T:\TEST.gdb\DC2015_POLY_1 # # # #</Process><Process Name="CADtoFeatureClass_6" ToolSource="C:\Program Files\ArcGIS\ArcToolbox\Toolboxes\Samples.tbx\CADtoFeatureClass" Date="20140829" Time="170614">CADtoFeatureClass T:\test\DC2015_POLY_1.dgn T:\TEST.gdb\DC2015_POLY_1 Polygon # "Entity Entity VISIBLE;Handle Handle VISIBLE;Level Level_ VISIBLE;Layer Layer VISIBLE;LvlDesc LvlDesc VISIBLE;LyrFrzn LyrFrzn VISIBLE;LyrLock LyrLock VISIBLE;LyrOn LyrOn VISIBLE;LvlPlot LvlPlot VISIBLE;Color Color VISIBLE;EntColor EntColor VISIBLE;LyrColor LyrColor VISIBLE;Linetype Linetype VISIBLE;EntLinetype EntLinetype VISIBLE;LyrLnType LyrLnType VISIBLE;Elevation Elevation VISIBLE;Class Class VISIBLE;GGroup GGroup VISIBLE;CadModel CadModel VISIBLE;Fill Fill VISIBLE;LineWt LineWt VISIBLE;EntLineWt EntLineWt VISIBLE;LyrLineWt LyrLineWt VISIBLE;RefName RefName VISIBLE;LTScale LTScale VISIBLE;QrotW QrotW VISIBLE;QrotX QrotX VISIBLE;QrotY QrotY VISIBLE;QrotZ QrotZ VISIBLE;DocName DocName VISIBLE;DocPath DocPath VISIBLE;DocType DocType VISIBLE;DocVer DocVer VISIBLE"</Process><Process Name="SpatialJoin_2" ToolSource="C:\Program Files\ArcGIS\ArcToolbox\Toolboxes\Analysis Tools.tbx\SpatialJoin" Date="20141013" Time="162337">SpatialJoin DC2015_POLY_1 dcca_2015_label t:\TEST.gdb\DC2015_POLY_1_SpatialJoin3 JOIN_ONE_TO_ONE KEEP_ALL "Entity Entity true true false 16 Text 0 0 ,First,#,t:\TEST.gdb\DC2015_POLY_1,Entity,-1,-1;Handle Handle true true false 16 Text 0 0 ,First,#,t:\TEST.gdb\DC2015_POLY_1,Handle,-1,-1;Level_ Level_ true true false 4 Long 0 0 ,First,#,t:\TEST.gdb\DC2015_POLY_1,Level_,-1,-1;Layer Layer true true false 255 Text 0 0 ,First,#,t:\TEST.gdb\DC2015_POLY_1,Layer,-1,-1;LvlDesc LvlDesc true true false 255 Text 0 0 ,First,#,t:\TEST.gdb\DC2015_POLY_1,LvlDesc,-1,-1;LyrFrzn LyrFrzn true true false 2 Short 0 0 ,First,#,t:\TEST.gdb\DC2015_POLY_1,LyrFrzn,-1,-1;LyrLock LyrLock true true false 2 Short 0 0 ,First,#,t:\TEST.gdb\DC2015_POLY_1,LyrLock,-1,-1;LyrOn LyrOn true true false 2 Short 0 0 ,First,#,t:\TEST.gdb\DC2015_POLY_1,LyrOn,-1,-1;LvlPlot LvlPlot true true false 2 Short 0 0 ,First,#,t:\TEST.gdb\DC2015_POLY_1,LvlPlot,-1,-1;Color Color true true false 2 Short 0 0 ,First,#,t:\TEST.gdb\DC2015_POLY_1,Color,-1,-1;EntColor EntColor true true false 2 Short 0 0 ,First,#,t:\TEST.gdb\DC2015_POLY_1,EntColor,-1,-1;LyrColor LyrColor true true false 2 Short 0 0 ,First,#,t:\TEST.gdb\DC2015_POLY_1,LyrColor,-1,-1;Linetype Linetype true true false 255 Text 0 0 ,First,#,t:\TEST.gdb\DC2015_POLY_1,Linetype,-1,-1;EntLinetype EntLinetype true true false 255 Text 0 0 ,First,#,t:\TEST.gdb\DC2015_POLY_1,EntLinetype,-1,-1;LyrLnType LyrLnType true true false 255 Text 0 0 ,First,#,t:\TEST.gdb\DC2015_POLY_1,LyrLnType,-1,-1;Elevation Elevation true true false 8 Double 0 0 ,First,#,t:\TEST.gdb\DC2015_POLY_1,Elevation,-1,-1;Class Class true true false 24 Text 0 0 ,First,#,t:\TEST.gdb\DC2015_POLY_1,Class,-1,-1;GGroup GGroup true true false 2 Short 0 0 ,First,#,t:\TEST.gdb\DC2015_POLY_1,GGroup,-1,-1;CadModel CadModel true true false 255 Text 0 0 ,First,#,t:\TEST.gdb\DC2015_POLY_1,CadModel,-1,-1;Fill Fill true true false 2 Short 0 0 ,First,#,t:\TEST.gdb\DC2015_POLY_1,Fill,-1,-1;LineWt LineWt true true false 2 Short 0 0 ,First,#,t:\TEST.gdb\DC2015_POLY_1,LineWt,-1,-1;EntLineWt EntLineWt true true false 2 Short 0 0 ,First,#,t:\TEST.gdb\DC2015_POLY_1,EntLineWt,-1,-1;LyrLineWt LyrLineWt true true false 2 Short 0 0 ,First,#,t:\TEST.gdb\DC2015_POLY_1,LyrLineWt,-1,-1;RefName RefName true true false 255 Text 0 0 ,First,#,t:\TEST.gdb\DC2015_POLY_1,RefName,-1,-1;LTScale LTScale true true false 8 Double 0 0 ,First,#,t:\TEST.gdb\DC2015_POLY_1,LTScale,-1,-1;QrotW QrotW true true false 8 Double 0 0 ,First,#,t:\TEST.gdb\DC2015_POLY_1,QrotW,-1,-1;QrotX QrotX true true false 8 Double 0 0 ,First,#,t:\TEST.gdb\DC2015_POLY_1,QrotX,-1,-1;QrotY QrotY true true false 8 Double 0 0 ,First,#,t:\TEST.gdb\DC2015_POLY_1,QrotY,-1,-1;QrotZ QrotZ true true false 8 Double 0 0 ,First,#,t:\TEST.gdb\DC2015_POLY_1,QrotZ,-1,-1;DocName DocName true true false 255 Text 0 0 ,First,#,t:\TEST.gdb\DC2015_POLY_1,DocName,-1,-1;DocPath DocPath true true false 4096 Text 0 0 ,First,#,t:\TEST.gdb\DC2015_POLY_1,DocPath,-1,-1;DocType DocType true true false 32 Text 0 0 ,First,#,t:\TEST.gdb\DC2015_POLY_1,DocType,-1,-1;DocVer DocVer true true false 16 Text 0 0 ,First,#,t:\TEST.gdb\DC2015_POLY_1,DocVer,-1,-1;Shape_Length Shape_Length false true true 8 Double 0 0 ,First,#,t:\TEST.gdb\DC2015_POLY_1,Shape_Length,-1,-1;Shape_Area Shape_Area false true true 8 Double 0 0 ,First,#,t:\TEST.gdb\DC2015_POLY_1,Shape_Area,-1,-1;AREA AREA true true false 8 Double 0 0 ,First,#,t:\DCCA_2015_20k_team.gdb\dcca_2015_label,AREA,-1,-1;PERIMETER PERIMETER true true false 8 Double 0 0 ,First,#,t:\DCCA_2015_20k_team.gdb\dcca_2015_label,PERIMETER,-1,-1;DCCA_2015_ DCCA_2015_ true true false 4 Long 0 0 ,First,#,t:\DCCA_2015_20k_team.gdb\dcca_2015_label,DCCA_2015_,-1,-1;DCCA_2015_ID DCCA_2015_ID true true false 4 Long 0 0 ,First,#,t:\DCCA_2015_20k_team.gdb\dcca_2015_label,DCCA_2015_ID,-1,-1;DC2015_POINT_ARE DC2015_POINT_ARE true true false 8 Double 0 0 ,First,#,t:\DCCA_2015_20k_team.gdb\dcca_2015_label,DC2015_POINT_ARE,-1,-1;DC2015_POINT_PER DC2015_POINT_PER true true false 8 Double 0 0 ,First,#,t:\DCCA_2015_20k_team.gdb\dcca_2015_label,DC2015_POINT_PER,-1,-1;DC2011_ DC2011_ true true false 4 Long 0 0 ,First,#,t:\DCCA_2015_20k_team.gdb\dcca_2015_label,DC2011_,-1,-1;DC2011_ID DC2011_ID true true false 4 Long 0 0 ,First,#,t:\DCCA_2015_20k_team.gdb\dcca_2015_label,DC2011_ID,-1,-1;JOIN_COUNT JOIN_COUNT true true false 4 Long 0 0 ,First,#,t:\DCCA_2015_20k_team.gdb\dcca_2015_label,JOIN_COUNT,-1,-1;DCBDRY_2007__ARE DCBDRY_2007__ARE true true false 8 Double 0 0 ,First,#,t:\DCCA_2015_20k_team.gdb\dcca_2015_label,DCBDRY_2007__ARE,-1,-1;DCBDRY_2007__PER DCBDRY_2007__PER true true false 8 Double 0 0 ,First,#,t:\DCCA_2015_20k_team.gdb\dcca_2015_label,DCBDRY_2007__PER,-1,-1;DCBDRY_2007_ DCBDRY_2007_ true true false 4 Long 0 0 ,First,#,t:\DCCA_2015_20k_team.gdb\dcca_2015_label,DCBDRY_2007_,-1,-1;DCBDRY_2007_ID DCBDRY_2007_ID true true false 4 Long 0 0 ,First,#,t:\DCCA_2015_20k_team.gdb\dcca_2015_label,DCBDRY_2007_ID,-1,-1;CACODE CACODE true true false 3 Text 0 0 ,First,#,t:\DCCA_2015_20k_team.gdb\dcca_2015_label,CACODE,-1,-1;ENAME ENAME true true false 40 Text 0 0 ,First,#,t:\DCCA_2015_20k_team.gdb\dcca_2015_label,ENAME,-1,-1;CNAME CNAME true true false 40 Text 0 0 ,First,#,t:\DCCA_2015_20k_team.gdb\dcca_2015_label,CNAME,-1,-1;POLYGONID POLYGONID true true false 4 Long 0 0 ,First,#,t:\DCCA_2015_20k_team.gdb\dcca_2015_label,POLYGONID,-1,-1;SCALE SCALE true true false 8 Double 0 0 ,First,#,t:\DCCA_2015_20k_team.gdb\dcca_2015_label,SCALE,-1,-1;ANGLE ANGLE true true false 8 Double 0 0 ,First,#,t:\DCCA_2015_20k_team.gdb\dcca_2015_label,ANGLE,-1,-1;E00_CENTROID_X E00_CENTROID_X true true false 8 Double 0 0 ,First,#,t:\DCCA_2015_20k_team.gdb\dcca_2015_label,E00_CENTROID_X,-1,-1;E00_CENTROID_Y E00_CENTROID_Y true true false 8 Double 0 0 ,First,#,t:\DCCA_2015_20k_team.gdb\dcca_2015_label,E00_CENTROID_Y,-1,-1;POLYGONID_1 POLYGONID_1 true true false 4 Long 0 0 ,First,#,t:\DCCA_2015_20k_team.gdb\dcca_2015_label,POLYGONID_1,-1,-1;SCALE_1 SCALE_1 true true false 8 Double 0 0 ,First,#,t:\DCCA_2015_20k_team.gdb\dcca_2015_label,SCALE_1,-1,-1;ANGLE_1 ANGLE_1 true true false 8 Double 0 0 ,First,#,t:\DCCA_2015_20k_team.gdb\dcca_2015_label,ANGLE_1,-1,-1" INTERSECTS "0 Unknown"</Process><Process Name="FeatureClassToFeatureClass_1" ToolSource="C:\Program Files\ArcGIS\ArcToolbox\Toolboxes\Conversion Tools.tbx\FeatureClassToFeatureClass" Date="20150127" Time="091541">FeatureClassToFeatureClass T:\DC2015_Recommendation.gdb\DC2015_Recommendation T:\DC2015_Approved.gdb DC2015_Approved # "DCCA_2015_ DCCA_2015_ true true false 4 Long 0 0 ,First,#,T:\DC2015_Recommendation.gdb\DC2015_Recommendation,DCCA_2015_,-1,-1;DCCA_2015_ID DCCA_2015_ID true true false 4 Long 0 0 ,First,#,T:\DC2015_Recommendation.gdb\DC2015_Recommendation,DCCA_2015_ID,-1,-1;CACODE CACODE true true false 3 Text 0 0 ,First,#,T:\DC2015_Recommendation.gdb\DC2015_Recommendation,CACODE,-1,-1;ENAME ENAME true true false 40 Text 0 0 ,First,#,T:\DC2015_Recommendation.gdb\DC2015_Recommendation,ENAME,-1,-1;CNAME CNAME true true false 40 Text 0 0 ,First,#,T:\DC2015_Recommendation.gdb\DC2015_Recommendation,CNAME,-1,-1;E00_CENTROID_X E00_CENTROID_X true true false 8 Double 0 0 ,First,#,T:\DC2015_Recommendation.gdb\DC2015_Recommendation,E00_CENTROID_X,-1,-1;E00_CENTROID_Y E00_CENTROID_Y true true false 8 Double 0 0 ,First,#,T:\DC2015_Recommendation.gdb\DC2015_Recommendation,E00_CENTROID_Y,-1,-1;POLYGONID_1 POLYGONID_1 true true false 4 Long 0 0 ,First,#,T:\DC2015_Recommendation.gdb\DC2015_Recommendation,POLYGONID_1,-1,-1;SCALE_1 SCALE_1 true true false 8 Double 0 0 ,First,#,T:\DC2015_Recommendation.gdb\DC2015_Recommendation,SCALE_1,-1,-1;ANGLE_1 ANGLE_1 true true false 8 Double 0 0 ,First,#,T:\DC2015_Recommendation.gdb\DC2015_Recommendation,ANGLE_1,-1,-1;Shape_Length Shape_Length false true true 8 Double 0 0 ,First,#,T:\DC2015_Recommendation.gdb\DC2015_Recommendation,Shape_Length,-1,-1;Shape_Area Shape_Area false true true 8 Double 0 0 ,First,#,T:\DC2015_Recommendation.gdb\DC2015_Recommendation,Shape_Area,-1,-1" # T:\DC2015_Approved.gdb\DC2015_Approved</Process><Process ToolSource="C:\Program Files (x86)\ArcGIS\ArcToolbox\Toolboxes\Conversion Tools.tbx\FeatureClassToFeatureClass" Date="20150521" Time="101527">FeatureClassToFeatureClass "Database Connections\Connection to gdat8073 (govhk).sde\GOVHK.GIH3_DC_2015_POLY" "E:\Job\Export DC Poly\Shapefile" GIH3_DC_2015_POLY.shp # "DCCA_2015_ 'DCCA_2015_' true true false 4 Long 0 10 ,First,#,Database Connections\Connection to gdat8073 (govhk).sde\GOVHK.GIH3_DC_2015_POLY,DCCA_2015_,-1,-1;DCCA_20151 'DCCA_20151' true true false 4 Long 0 10 ,First,#,Database Connections\Connection to gdat8073 (govhk).sde\GOVHK.GIH3_DC_2015_POLY,DCCA_2015_ID,-1,-1;CACODE 'CACODE' true true false 3 Text 0 0 ,First,#,Database Connections\Connection to gdat8073 (govhk).sde\GOVHK.GIH3_DC_2015_POLY,CACODE,-1,-1;ENAME 'ENAME' true true false 40 Text 0 0 ,First,#,Database Connections\Connection to gdat8073 (govhk).sde\GOVHK.GIH3_DC_2015_POLY,ENAME,-1,-1;CNAME 'CNAME' true true false 40 Text 0 0 ,First,#,Database Connections\Connection to gdat8073 (govhk).sde\GOVHK.GIH3_DC_2015_POLY,CNAME,-1,-1;E00_CENTRO 'E00_CENTRO' true true false 8 Double 8 38 ,First,#,Database Connections\Connection to gdat8073 (govhk).sde\GOVHK.GIH3_DC_2015_POLY,E00_CENTROID_X,-1,-1;E00_CENT_1 'E00_CENT_1' true true false 8 Double 8 38 ,First,#,Database Connections\Connection to gdat8073 (govhk).sde\GOVHK.GIH3_DC_2015_POLY,E00_CENTROID_Y,-1,-1;DISTRICT_T 'DISTRICT_T' true true false 50 Text 0 0 ,First,#,Database Connections\Connection to gdat8073 (govhk).sde\GOVHK.GIH3_DC_2015_POLY,DISTRICT_TC,-1,-1;DISTRICT_E 'DISTRICT_E' true true false 50 Text 0 0 ,First,#,Database Connections\Connection to gdat8073 (govhk).sde\GOVHK.GIH3_DC_2015_POLY,DISTRICT_EN,-1,-1;SHAPE_AREA 'SHAPE_AREA' false false true 0 Double 0 0 ,First,#,Database Connections\Connection to gdat8073 (govhk).sde\GOVHK.GIH3_DC_2015_POLY,SHAPE.AREA,-1,-1;SHAPE_LEN 'SHAPE_LEN' false false true 0 Double 0 0 ,First,#,Database Connections\Connection to gdat8073 (govhk).sde\GOVHK.GIH3_DC_2015_POLY,SHAPE.LEN,-1,-1" # "E:\Job\Export DC Poly\Shapefile\GIH3_DC_2015_POLY.shp"</Process></lineage></DataProperties><SyncDate>20150521</SyncDate><SyncTime>10152600</SyncTime><ModDate>20150521</ModDate><ModTime>10152600</ModTime><MetaID>{906D2F1E-6211-4192-BA60-9EAD76E1889C}</MetaID></Esri><idinfo><native Sync="TRUE">Microsoft Windows Vista Version 6.1 (Build 7601) Service Pack 1; ESRI ArcCatalog 9.3.1.4000</native><descript><langdata Sync="TRUE">zh</langdata><abstract>REQUIRED: A brief narrative summary of the data set.</abstract><purpose>REQUIRED: A summary of the intentions with which the data set was developed.</purpose></descript><citation><citeinfo><origin>REQUIRED: The name of an organization or individual that developed the data set.</origin><pubdate>REQUIRED: The date when the data set is published or otherwise made available for release.</pubdate><title Sync="TRUE">GIH3_DC_2015_POLY</title><ftname Sync="TRUE">GIH3_DC_2015_POLY</ftname><geoform Sync="TRUE">vector digital data</geoform><onlink Sync="TRUE">\\SOGH3\E$\Job\Export DC Poly\Shapefile\GIH3_DC_2015_POLY.shp</onlink></citeinfo></citation><timeperd><current>REQUIRED: The basis on which the time period of content information is determined.</current><timeinfo><sngdate><caldate>REQUIRED: The year (and optionally month, or month and day) for which the data set corresponds to the ground.</caldate></sngdate></timeinfo></timeperd><status><progress>REQUIRED: The state of the data set.</progress><update>REQUIRED: The frequency with which changes and additions are made to the data set after the initial data set is completed.</update></status><spdom><bounding><westbc Sync="TRUE">REQUIRED: Western-most coordinate of the limit of coverage expressed in longitude.</westbc><eastbc Sync="TRUE">REQUIRED: Eastern-most coordinate of the limit of coverage expressed in longitude.</eastbc><northbc Sync="TRUE">REQUIRED: Northern-most coordinate of the limit of coverage expressed in latitude.</northbc><southbc Sync="TRUE">REQUIRED: Southern-most coordinate of the limit of coverage expressed in latitude.</southbc></bounding><lboundng><leftbc Sync="TRUE">799186.839000</leftbc><rightbc Sync="TRUE">869854.000000</rightbc><bottombc Sync="TRUE">799837.000000</bottombc><topbc Sync="TRUE">847618.000000</topbc></lboundng></spdom><keywords><theme><themekt>REQUIRED: Reference to a formally registered thesaurus or a similar authoritative source of theme keywords.</themekt><themekey>REQUIRED: Common-use word or phrase used to describe the subject of the data set.</themekey></theme></keywords><accconst>REQUIRED: Restrictions and legal prerequisites for accessing the data set.</accconst><useconst>REQUIRED: Restrictions and legal prerequisites for using the data set after access is granted.</useconst><natvform Sync="TRUE">Shapefile</natvform></idinfo><dataIdInfo><envirDesc Sync="TRUE">Microsoft Windows Vista Version 6.1 (Build 7601) Service Pack 1; ESRI ArcCatalog 9.3.1.4000</envirDesc><dataLang><languageCode Sync="TRUE" value="zh"></languageCode></dataLang><idCitation><resTitle Sync="TRUE">GIH3_DC_2015_POLY</resTitle><presForm><PresFormCd Sync="TRUE" value="005"></PresFormCd></presForm></idCitation><dataExt><geoEle><GeoBndBox esriExtentType="native"><westBL Sync="TRUE">799186.839</westBL><eastBL Sync="TRUE">869854</eastBL><northBL Sync="TRUE">847618</northBL><southBL Sync="TRUE">799837</southBL><exTypeCode Sync="TRUE">1</exTypeCode></GeoBndBox></geoEle></dataExt><spatRpType><SpatRepTypCd Sync="TRUE" value="001"></SpatRepTypCd></spatRpType></dataIdInfo><metainfo><langmeta Sync="TRUE">zh</langmeta><metstdn Sync="TRUE">FGDC Content Standards for Digital Geospatial Metadata</metstdn><metstdv Sync="TRUE">FGDC-STD-001-1998</metstdv><mettc Sync="TRUE">local time</mettc><metc><cntinfo><cntorgp><cntper>REQUIRED: The person responsible for the metadata information.</cntper><cntorg>REQUIRED: The organization responsible for the metadata information.</cntorg></cntorgp><cntaddr><addrtype>REQUIRED: The mailing and/or physical address for the organization or individual.</addrtype><city>REQUIRED: The city of the address.</city><state>REQUIRED: The state or province of the address.</state><postal>REQUIRED: The ZIP or other postal code of the address.</postal></cntaddr><cntvoice>REQUIRED: The telephone number by which individuals can speak to the organization or individual.</cntvoice></cntinfo></metc><metd Sync="TRUE">20150521</metd><metextns><onlink Sync="TRUE">http://www.esri.com/metadata/esriprof80.html</onlink><metprof Sync="TRUE">ESRI Metadata Profile</metprof></metextns></metainfo><mdLang><languageCode Sync="TRUE" value="zh"></languageCode></mdLang><mdStanName Sync="TRUE">ISO 19115 Geographic Information - Metadata</mdStanName><mdStanVer Sync="TRUE">DIS_ESRI1.0</mdStanVer><mdChar><CharSetCd Sync="TRUE" value="004"></CharSetCd></mdChar><mdHrLv><ScopeCd Sync="TRUE" value="005"></ScopeCd></mdHrLv><mdHrLvName Sync="TRUE">dataset</mdHrLvName><distinfo><resdesc Sync="TRUE">Downloadable Data</resdesc><stdorder><digform><digtinfo><transize Sync="TRUE">0.000</transize><dssize Sync="TRUE">0.000</dssize></digtinfo></digform></stdorder></distinfo><distInfo><distributor><distorTran><onLineSrc><orDesc Sync="TRUE">002</orDesc><linkage Sync="TRUE">file://\\SOGH3\E$\Job\Export DC Poly\Shapefile\GIH3_DC_2015_POLY.shp</linkage><protocol Sync="TRUE">Local Area Network</protocol></onLineSrc><transSize Sync="TRUE">0.000</transSize></distorTran><distorFormat><formatName Sync="TRUE">Shapefile</formatName></distorFormat></distributor></distInfo><spdoinfo><direct Sync="TRUE">Vector</direct><ptvctinf><esriterm Name="GIH3_DC_2015_POLY"><efeatyp Sync="TRUE">Simple</efeatyp><efeageom Sync="TRUE">Polygon</efeageom><esritopo Sync="TRUE">FALSE</esritopo><efeacnt Sync="TRUE">0</efeacnt><spindex Sync="TRUE">FALSE</spindex><linrefer Sync="TRUE">FALSE</linrefer></esriterm><sdtsterm Name="GIH3_DC_2015_POLY"><sdtstype Sync="TRUE">G-polygon</sdtstype><ptvctcnt Sync="TRUE">0</ptvctcnt></sdtsterm></ptvctinf></spdoinfo><spatRepInfo><VectSpatRep><topLvl><TopoLevCd Sync="TRUE" value="001"></TopoLevCd></topLvl><geometObjs Name="GIH3_DC_2015_POLY"><geoObjTyp><GeoObjTypCd Sync="TRUE" value="001"></GeoObjTypCd></geoObjTyp><geoObjCnt Sync="TRUE">0</geoObjCnt></geometObjs></VectSpatRep></spatRepInfo><eainfo><detailed Name="GIH3_DC_2015_POLY"><enttyp><enttypl Sync="TRUE">GIH3_DC_2015_POLY</enttypl><enttypt Sync="TRUE">Feature Class</enttypt><enttypc Sync="TRUE">0</enttypc></enttyp><attr><attrlabl Sync="TRUE">FID</attrlabl><attalias Sync="TRUE">FID</attalias><attrtype Sync="TRUE">OID</attrtype><attwidth Sync="TRUE">4</attwidth><atprecis Sync="TRUE">0</atprecis><attscale Sync="TRUE">0</attscale><attrdef Sync="TRUE">Internal feature number.</attrdef><attrdefs Sync="TRUE">ESRI</attrdefs><attrdomv><udom Sync="TRUE">Sequential unique whole numbers that are automatically generated.</udom></attrdomv></attr><attr><attrlabl Sync="TRUE">Shape</attrlabl><attalias Sync="TRUE">Shape</attalias><attrtype Sync="TRUE">Geometry</attrtype><attwidth Sync="TRUE">0</attwidth><atprecis Sync="TRUE">0</atprecis><attscale Sync="TRUE">0</attscale><attrdef Sync="TRUE">Feature geometry.</attrdef><attrdefs Sync="TRUE">ESRI</attrdefs><attrdomv><udom Sync="TRUE">Coordinates defining the features.</udom></attrdomv></attr><attr><attrlabl Sync="TRUE">DCCA_2015_</attrlabl><attalias Sync="TRUE">DCCA_2015_</attalias><attrtype Sync="TRUE">Number</attrtype><attwidth Sync="TRUE">10</attwidth></attr><attr><attrlabl Sync="TRUE">DCCA_20151</attrlabl><attalias Sync="TRUE">DCCA_20151</attalias><attrtype Sync="TRUE">Number</attrtype><attwidth Sync="TRUE">10</attwidth></attr><attr><attrlabl Sync="TRUE">CACODE</attrlabl><attalias Sync="TRUE">CACODE</attalias><attrtype Sync="TRUE">String</attrtype><attwidth Sync="TRUE">3</attwidth></attr><attr><attrlabl Sync="TRUE">ENAME</attrlabl><attalias Sync="TRUE">ENAME</attalias><attrtype Sync="TRUE">String</attrtype><attwidth Sync="TRUE">40</attwidth></attr><attr><attrlabl Sync="TRUE">CNAME</attrlabl><attalias Sync="TRUE">CNAME</attalias><attrtype Sync="TRUE">String</attrtype><attwidth Sync="TRUE">40</attwidth></attr><attr><attrlabl Sync="TRUE">E00_CENTRO</attrlabl><attalias Sync="TRUE">E00_CENTRO</attalias><attrtype Sync="TRUE">Number</attrtype><attwidth Sync="TRUE">19</attwidth><atnumdec Sync="TRUE">8</atnumdec></attr><attr><attrlabl Sync="TRUE">E00_CENT_1</attrlabl><attalias Sync="TRUE">E00_CENT_1</attalias><attrtype Sync="TRUE">Number</attrtype><attwidth Sync="TRUE">19</attwidth><atnumdec Sync="TRUE">8</atnumdec></attr><attr><attrlabl Sync="TRUE">DISTRICT_T</attrlabl><attalias Sync="TRUE">DISTRICT_T</attalias><attrtype Sync="TRUE">String</attrtype><attwidth Sync="TRUE">50</attwidth></attr><attr><attrlabl Sync="TRUE">DISTRICT_E</attrlabl><attalias Sync="TRUE">DISTRICT_E</attalias><attrtype Sync="TRUE">String</attrtype><attwidth Sync="TRUE">50</attwidth></attr><attr><attrlabl Sync="TRUE">Shape_Area</attrlabl><attalias Sync="TRUE">SHAPE_AREA</attalias><attrtype Sync="TRUE">Double</attrtype><attwidth Sync="TRUE">19</attwidth><atprecis Sync="TRUE">0</atprecis><attscale Sync="TRUE">0</attscale><attrdef Sync="TRUE">Area of feature in internal units squared.</attrdef><attrdefs Sync="TRUE">ESRI</attrdefs><attrdomv><udom Sync="TRUE">Positive real numbers that are automatically generated.</udom></attrdomv></attr><attr><attrlabl Sync="TRUE">SHAPE_LEN</attrlabl><attalias Sync="TRUE">SHAPE_LEN</attalias><attrtype Sync="TRUE">Float</attrtype><attwidth Sync="TRUE">19</attwidth><atnumdec Sync="TRUE">11</atnumdec></attr></detailed></eainfo><mdDateSt Sync="TRUE">20150521</mdDateSt><dataqual><lineage><procstep><procdesc Sync="TRUE">Dataset copied.</procdesc><srcused Sync="TRUE">\\pc31\D_Mapping\Sections\Map1\DC2011\TEST.gdb</srcused><date Sync="TRUE">20141015</date><time Sync="TRUE">09560500</time></procstep><procstep><procdesc Sync="TRUE">Dataset copied.</procdesc><srcused Sync="TRUE">\\pc31\D_Mapping\Sections\Map1\DC2011\DC2015_Recommendation.gdb</srcused><date Sync="TRUE">20141021</date><time Sync="TRUE">10222600</time></procstep><procstep><procdesc Sync="TRUE">Dataset copied.</procdesc><srcused Sync="TRUE">\\TOGH2-2\F\DC2015_Approved.gdb\DC2015_Approved.gdb</srcused><procdate Sync="TRUE">20150205</procdate><proctime Sync="TRUE">10073000</proctime></procstep><procstep><procdesc Sync="TRUE">Dataset copied.</procdesc><srcused Sync="TRUE">Server=192.168.30.174; Service=15151; User=lndgs054; Version=SDE.DEFAULT</srcused><procdate Sync="TRUE">20150421</procdate><proctime Sync="TRUE">11411200</proctime></procstep><procstep><procdesc Sync="TRUE">Dataset copied.</procdesc><srcused Sync="TRUE">\\TOGH2-2\D$\Rita\GIHS\AFCD_hiking\analysis\db.mdb</srcused><procdate Sync="TRUE">20150422</procdate><proctime Sync="TRUE">12292900</proctime></procstep></lineage></dataqual><spref><horizsys><cordsysn><geogcsn Sync="TRUE">GCS_Hong_Kong_1980</geogcsn><projcsn Sync="TRUE">Hong_Kong_1980_Grid</projcsn></cordsysn><planar><mapproj><mapprojn Sync="TRUE">Transverse Mercator</mapprojn><transmer><sfctrmer Sync="TRUE">1.000000</sfctrmer><longcm Sync="TRUE">114.178556</longcm><latprjo Sync="TRUE">22.312133</latprjo><feast Sync="TRUE">836694.050000</feast><fnorth Sync="TRUE">819069.800000</fnorth></transmer></mapproj><planci><plance Sync="TRUE">coordinate pair</plance><plandu Sync="TRUE">meters</plandu><coordrep><absres Sync="TRUE">0.000000</absres><ordres Sync="TRUE">0.000000</ordres></coordrep></planci></planar><geodetic><horizdn Sync="TRUE">D_Hong_Kong_1980</horizdn><ellips Sync="TRUE">International_1924</ellips><semiaxis Sync="TRUE">6378388.000000</semiaxis><denflat Sync="TRUE">297.000000</denflat></geodetic></horizsys></spref><refSysInfo><RefSystem><refSysID><identCode Sync="TRUE">Hong_Kong_1980_Grid</identCode></refSysID></RefSystem></refSysInfo></metadata>
